Workbook

Sheet Censal
A1: Fuente | B1: Zona | C1: Fecha | D1: PTotal | E1: PTMasc | F1: PTFem | G1: PTUrbano | H1: PTRural | I1: PTCPR | J1: PT0_6 | K1: PT7_12 | L1: PT13_18 | M1: PT15_64 | N1: PT60Max | O1: PM0_6 | P1: PM7_12 | Q1: PM13_18 | R1: PM15_64 | S1: PM60Max | T1: PF0_6 | U1: v7_12 | V1: PF13_18 | W1: PF15_64 | X1: PF60Max
A2: DANE | B2: Municipio | C2: 1973 | D2: 7100
A3: =$A$2 -> DANE | B3: =$B$2 -> Municipio | C3: 1985 | D3: 7371
A4: =$A$2 -> DANE | B4: =$B$2 -> Municipio | C4: 1993 | D4: 7439
A5: =$A$2 -> DANE | B5: =$B$2 -> Municipio | C5: 2005 | D5: 6383
A6: =$A$2 -> DANE | B6: =$B$2 -> Municipio | C6: 2018 | D6: 4551

Sheet ProyectadaTotal
B2: Análisis de tendencias
B3: Tendencias y constantes | D3: Tendencias | E3: Lineal | F3: Polinomio grado 2 | G3: Polinomio grado 3 | H3: Polinomio grado 4 | I3: Polinomio grado 5 | J3: Polinomio grado 6 | K3: Logarítmica | L3: Potencial | M3: Exponencial | P3: Tendencias | Q3: Aritmético | R3: Geométrico | S3: Exponencial | T3: Wappus
D4: c1 | E4: {=INDEX(LINEST(Censal!D2:D6,Censal!C2:C6^{1},TRUE,TRUE),1,1)} -> -57.294707 | F4: {=INDEX(LINEST(Censal!D2:D6,Censal!C2:C6^{1,2},TRUE,TRUE),1,1)} -> -2.7390432 | G4: {=INDEX(LINEST(Censal!D2:D6,Censal!C2:C6^{1,2,3},TRUE,TRUE),1,1)} -> -0.0066464037 | H4: {=INDEX(LINEST(Censal!D2:D6,Censal!C2:C6^{1,2,3,4},TRUE,TRUE),1,1)} -> -2.1256036e-06 | I4: {=INDEX(LINEST(Censal!D2:D6,Censal!C2:C6^{1,2,3,4,5},TRUE,TRUE),1,1)} -> -7.0358316e-10 | J4: {=INDEX(LINEST(Censal!D2:D6,Censal!C2:C6^{1,2,3,4,5,6},TRUE,TRUE),1,1)} -> -2.3207769e-13 | K4: {=INDEX(LINEST(Censal!D2:D6,LN(Censal!C2:C6)^{1},TRUE,TRUE),1,1)} -> -114073.65 | L4: {=INDEX(LINEST(LOG(Censal!D2:D6),LOG(Censal!C2:C6)^{1},TRUE,TRUE),1,1)} -> -19.397291 | M4: {=INDEX(LINEST(LN(Censal!D2:D6),Censal!C2:C6^{1},TRUE,TRUE),1,1)} -> -0.0097428133 | P4: c1 | Q4: =+(Censal!$D$6-Censal!D2)/(Censal!$C$6-Censal!C2)/Censal!D2 -> -0.0079780908 | R4: =+(Censal!$D$6/Censal!D2)^(1/(Censal!$C$6-Censal!C2))-1 -> -0.0098346052 | S4: =+(LN(Censal!D3)-LN(Censal!D2))/(Censal!C3-Censal!C2) -> 0.0031215498 | T4: =200*(Censal!$D$6-Censal!D2)/(Censal!$C$6-Censal!C2)/(Censal!D2+Censal!$D$6) -> -0.97235335
D5: c2 | E5: {=INDEX(LINEST(Censal!D2:D6,Censal!C2:C6^{1},TRUE,TRUE),1,2)} -> 120860.28 | F5: {=INDEX(LINEST(Censal!D2:D6,Censal!C2:C6^{1,2},TRUE,TRUE),1,2)} -> 10875.437 | G5: {=INDEX(LINEST(Censal!D2:D6,Censal!C2:C6^{1,2,3},TRUE,TRUE),1,2)} -> 37.04376 | H5: {=INDEX(LINEST(Censal!D2:D6,Censal!C2:C6^{1,2,3,4},TRUE,TRUE),1,2)} -> 0.010398876 | I5: {=INDEX(LINEST(Censal!D2:D6,Censal!C2:C6^{1,2,3,4,5},TRUE,TRUE),1,2)} -> 3.1689708e-06 | J5: {=INDEX(LINEST(Censal!D2:D6,Censal!C2:C6^{1,2,3,4,5,6},TRUE,TRUE),1,2)} -> 9.7546018e-10 | K5: {=INDEX(LINEST(Censal!D2:D6,LN(Censal!C2:C6)^{1},TRUE,TRUE),1,2)} -> 873331.05 | L5: {=INDEX(LINEST(LOG(Censal!D2:D6),LOG(Censal!C2:C6)^{1},TRUE,TRUE),1,2)} -> 67.819535 | M5: {=EXP(INDEX(LINEST(LN(Censal!D2:D6),Censal!C2:C6^{1},TRUE,TRUE),1,2))} -> 1.7831331e+12 | P5: c2 | Q5: =+(Censal!$D$6-Censal!D3)/(Censal!$C$6-Censal!C3)/Censal!D3 -> -0.011593345 | R5: =+(Censal!$D$6/Censal!D3)^(1/(Censal!$C$6-Censal!C3))-1 -> -0.014506073 | S5: =+(LN(Censal!D4)-LN(Censal!D3))/(Censal!C4-Censal!C3) -> 0.0011478811 | T5: =200*(Censal!$D$6-Censal!D3)/(Censal!$C$6-Censal!C3)/(Censal!D3+Censal!$D$6) -> -1.4335606
D6: c3 | F6: {=INDEX(LINEST(Censal!D2:D6,Censal!C2:C6^{1,2},TRUE,TRUE),1,3)} -> -10787811 | G6: {=INDEX(LINEST(Censal!D2:D6,Censal!C2:C6^{1,2,3},TRUE,TRUE),1,3)} -> -68496.476 | H6: {=INDEX(LINEST(Censal!D2:D6,Censal!C2:C6^{1,2,3,4},TRUE,TRUE),1,3)} -> -14.211375 | I6: {=INDEX(LINEST(Censal!D2:D6,Censal!C2:C6^{1,2,3,4,5},TRUE,TRUE),1,3)} -> -0.0037665612 | J6: {=INDEX(LINEST(Censal!D2:D6,Censal!C2:C6^{1,2,3,4,5,6},TRUE,TRUE),1,3)} -> -1.0486325e-06 | P6: c3 | Q6: =+(Censal!$D$6-Censal!D4)/(Censal!$C$6-Censal!C4)/Censal!D4 -> -0.015528969 | R6: =+(Censal!$D$6/Censal!D4)^(1/(Censal!$C$6-Censal!C4))-1 -> -0.019463666 | S6: =+(LN(Censal!D5)-LN(Censal!D4))/(Censal!C5-Censal!C4) -> -0.012758185 | T6: =200*(Censal!$D$6-Censal!D4)/(Censal!$C$6-Censal!C4)/(Censal!D4+Censal!$D$6) -> -1.9269391
D7: c4 | G7: {=INDEX(LINEST(Censal!D2:D6,Censal!C2:C6^{1,2,3},TRUE,TRUE),1,4)} -> 41996047 | H7: {=INDEX(LINEST(Censal!D2:D6,Censal!C2:C6^{1,2,3,4},TRUE,TRUE),1,4)} -> 0 | I7: {=INDEX(LINEST(Censal!D2:D6,Censal!C2:C6^{1,2,3,4,5},TRUE,TRUE),1,4)} -> 0 | J7: {=INDEX(LINEST(Censal!D2:D6,Censal!C2:C6^{1,2,3,4,5,6},TRUE,TRUE),1,4)} -> 0 | P7: c4 | Q7: =+(Censal!$D$6-Censal!D5)/(Censal!$C$6-Censal!C5)/Censal!D5 -> -0.022077875 | R7: =+(Censal!$D$6/Censal!D5)^(1/(Censal!$C$6-Censal!C5))-1 -> -0.025686737 | S7: =+(LN(Censal!D6)-LN(Censal!D5))/(Censal!C6-Censal!C5) -> -0.026022401 | T7: =200*(Censal!$D$6-Censal!D5)/(Censal!$C$6-Censal!C5)/(Censal!D5+Censal!$D$6) -> -2.577704
D8: c5 | H8: {=INDEX(LINEST(Censal!D2:D6,Censal!C2:C6^{1,2,3,4},TRUE,TRUE),1,5)} -> 7671051.8 | I8: {=INDEX(LINEST(Censal!D2:D6,Censal!C2:C6^{1,2,3,4,5},TRUE,TRUE),1,5)} -> 0 | J8: {=INDEX(LINEST(Censal!D2:D6,Censal!C2:C6^{1,2,3,4,5,6},TRUE,TRUE),1,5)} -> 0
D9: c6 | I9: {=INDEX(LINEST(Censal!D2:D6,Censal!C2:C6^{1,2,3,4,5},TRUE,TRUE),1,6)} -> 1950522 | J9: {=INDEX(LINEST(Censal!D2:D6,Censal!C2:C6^{1,2,3,4,5,6},TRUE,TRUE),1,6)} -> 0
D10: c7 | J10: {=INDEX(LINEST(Censal!D2:D6,Censal!C2:C6^{1,2,3,4,5,6},TRUE,TRUE),1,7)} -> 423271.53 | P10: TC% | Q10: =+AVERAGE(Q4:Q9) -> -0.01429457 | R10: =+AVERAGE(R4:R9) -> -0.01737277 | S10: =+AVERAGE(S4:S9) -> -0.0086277889 | T10: =+IF(AVERAGE(T4:T7)*(Censal!C6+ProyectadaTotal!C17-Censal!C2)<200,AVERAGE(T4:T7)/100,"No Aplica") -> -0.017276393
D11: R² | E11: {=INDEX(LINEST(Censal!D2:D6,Censal!C2:C6^{1},TRUE,TRUE),3,1)} -> 0.68999478 | F11: {=INDEX(LINEST(Censal!D2:D6,Censal!C2:C6^{1,2},TRUE,TRUE),3,1)} -> 0.99502192 | G11: {=INDEX(LINEST(Censal!D2:D6,Censal!C2:C6^{1,2,3},TRUE,TRUE),3,1)} -> 0.99523678 | H11: {=INDEX(LINEST(Censal!D2:D6,Censal!C2:C6^{1,2,3,4},TRUE,TRUE),3,1)} -> 0.99523243 | I11: {=INDEX(LINEST(Censal!D2:D6,Censal!C2:C6^{1,2,3,4,5},TRUE,TRUE),3,1)} -> 0.99522884 | J11: {=INDEX(LINEST(Censal!D2:D6,Censal!C2:C6^{1,2,3,4,5,6},TRUE,TRUE),3,1)} -> 0.99522599 | K11: {=INDEX(LINEST(Censal!D2:D6,LN(Censal!C2:C6)^{1},TRUE,TRUE),3,1)} -> 0.6867916 | L11: {=INDEX(LINEST(LOG(Censal!D2:D6),LOG(Censal!C2:C6)^{1},TRUE,TRUE),3,1)} -> 0.67992277 | M11: {=INDEX(LINEST(LN(Censal!D2:D6),Censal!C2:C6^{1},TRUE,TRUE),3,1)} -> 0.68313842 | P11: R² | Q11: =+CORREL($P$31:$P$35,Q31:Q35) -> 0.83069795 | R11: =+CORREL($P$31:$P$35,R31:R35) -> 0.7908494 | S11: =+CORREL($P$31:$P$35,S31:S35) -> 0.79600542 | T11: =+CORREL($P$31:$P$35,T31:T35) -> 0.77032554
D12: Mejor ajuste numérico | E12: =IF(E11=MAX($E$11:$M$11),"✓","") | F12: =IF(F11=MAX($E$11:$M$11),"✓","") | G12: =IF(G11=MAX($E$11:$M$11),"✓","") -> ✓ | H12: =IF(H11=MAX($E$11:$M$11),"✓","") | I12: =IF(I11=MAX($E$11:$M$11),"✓","") | J12: =IF(J11=MAX($E$11:$M$11),"✓","") | K12: =IF(K11=MAX($E$11:$M$11),"✓","") | L12: =IF(L11=MAX($E$11:$M$11),"✓","") | M12: =IF(M11=MAX($E$11:$M$11),"✓","") | P12: Mejor ajuste numérico | Q12: =IF(Q11=MAX($Q$11:$T$11),"✓","") -> ✓ | R12: =IF(R11=MAX($Q$11:$T$11),"✓","") | S12: =IF(S11=MAX($Q$11:$T$11),"✓","") | T12: =IF(T11=MAX($E$11:$M$11),"✓","")
D13: Observación | G13: Sobre ajuste | H13: Sobre ajuste | I13: Sobre ajuste | J13: Sobre ajuste | P13: Observación
D14: Mejor ajuste visual | K14: ✓ | P14: Mejor ajuste visual | Q14: ✓
B16: Proyección de población
B17: Proyecciones cada | C17: 3 | D17: años desde el siguiente año censal del registro histórico
B18: Fuente | C18: Zona | D18: Fecha | E18: =E3 -> Lineal | F18: =F3 -> Polinomio grado 2 | G18: =G3 -> Polinomio grado 3 | H18: =H3 -> Polinomio grado 4 | I18: =I3 -> Polinomio grado 5 | J18: =J3 -> Polinomio grado 6 | K18: =K3 -> Logarítmica | L18: =L3 -> Potencial | M18: =M3 -> Exponencial | O18: Fecha | P18: Proyección DANE | Q18: =Q3 -> Aritmético | R18: Geométrico | S18: Exponencial RAS 2000 | T18: Wappus
B19: Proyectada | C19: =Censal!$B$2 -> Municipio | D19: =+MAX(Censal!C2:C6)+$C$17 -> 2021 | E19: =ROUND($E$4*$D19+$E$5,0) -> 5068 | F19: =ROUND($F$4*$D19^2+$F$5*$D19+$F$6,0) -> 3986 | G19: =ROUND($G$4*$D19^3+$G$5*$D19^2+$G$6*$D19+$G$7,0) -> 3950 | H19: =ROUND($H$4*$D19^4+$H$5*$D19^3+$H$6*$D19^2+$H$7*$D19+$H$8,0) -> 3950 | I19: =ROUND($I$4*$D19^5+$I$5*$D19^4+$I$6*$D19^3+$I$7*$D19^2+$I$8*$D19+$I$9,0) -> 3950 | J19: =ROUND($J$4*$D19^6+$J$5*$D19^5+$J$6*$D19^4+$J$7*$D19^3+$J$8*$D19^2+$J$9*$D19+$J$10,0) -> 3950 | K19: =ROUND($K$4*LN(D19)+$K$5,0) -> 5077 | L19: =ROUND(10^$L$5*$D19^$L$4,0) -> 5018 | M19: =ROUND($M$5*EXP($M$4*$D19),0) -> 5010 | O19: =+D19 -> 2021 | P19: 2586 | Q19: =ROUND(Censal!$D$6+($Q$10*Censal!$D$6*(O19-Censal!$C$6)),0) -> 4356 | R19: =ROUND(Censal!$D$6*(1+ProyectadaTotal!$R$4)^(ProyectadaTotal!O19-Censal!$C$6),0) -> 4418 | S19: =ROUND(Censal!$D$2*EXP(ProyectadaTotal!$S$10*(ProyectadaTotal!O19-Censal!$C$2)),0) -> 4692 | T19: =ROUND(Censal!$D$2*(200+(ProyectadaTotal!$T$10*100*(ProyectadaTotal!O19-Censal!$C$2)))/(200-(ProyectadaTotal!$T$10*100*(ProyectadaTotal!O19-Censal!$C$2))),0) -> 2938
B20: =B19 -> Proyectada | C20: =Censal!$B$2 -> Municipio | D20: =+D19+$C$17 -> 2024 | E20: =ROUND($E$4*$D20+$E$5,0) -> 4896 | F20: =ROUND($F$4*$D20^2+$F$5*$D20+$F$6,0) -> 3374 | G20: =ROUND($G$4*$D20^3+$G$5*$D20^2+$G$6*$D20+$G$7,0) -> 3302 | H20: =ROUND($H$4*$D20^4+$H$5*$D20^3+$H$6*$D20^2+$H$7*$D20+$H$8,0) -> 3302 | I20: =ROUND($I$4*$D20^5+$I$5*$D20^4+$I$6*$D20^3+$I$7*$D20^2+$I$8*$D20+$I$9,0) -> 3302 | J20: =ROUND($J$4*$D20^6+$J$5*$D20^5+$J$6*$D20^4+$J$7*$D20^3+$J$8*$D20^2+$J$9*$D20+$J$10,0) -> 3303 | K20: =ROUND($K$4*LN(D20)+$K$5,0) -> 4908 | L20: =ROUND(10^$L$5*$D20^$L$4,0) -> 4875 | M20: =ROUND($M$5*EXP($M$4*$D20),0) -> 4866 | O20: =+O19+$C$17 -> 2024 | P20: 2769 | Q20: =ROUND(Censal!$D$6+($Q$10*Censal!$D$6*(O20-Censal!$C$6)),0) -> 4161 | R20: =ROUND(Censal!$D$6*(1+ProyectadaTotal!$R$4)^(ProyectadaTotal!O20-Censal!$C$6),0) -> 4289 | S20: =ROUND(Censal!$D$2*EXP(ProyectadaTotal!$S$10*(ProyectadaTotal!O20-Censal!$C$2)),0) -> 4573 | T20: =ROUND(Censal!$D$2*(200+(ProyectadaTotal!$T$10*100*(ProyectadaTotal!O20-Censal!$C$2)))/(200-(ProyectadaTotal!$T$10*100*(ProyectadaTotal!O20-Censal!$C$2))),0) -> 2757
B21: =B20 -> Proyectada | C21: =Censal!$B$2 -> Municipio | D21: =+D20+$C$17 -> 2027 | E21: =ROUND($E$4*$D21+$E$5,0) -> 4724 | F21: =ROUND($F$4*$D21^2+$F$5*$D21+$F$6,0) -> 2713 | G21: =ROUND($G$4*$D21^3+$G$5*$D21^2+$G$6*$D21+$G$7,0) -> 2594 | H21: =ROUND($H$4*$D21^4+$H$5*$D21^3+$H$6*$D21^2+$H$7*$D21+$H$8,0) -> 2595 | I21: =ROUND($I$4*$D21^5+$I$5*$D21^4+$I$6*$D21^3+$I$7*$D21^2+$I$8*$D21+$I$9,0) -> 2595 | J21: =ROUND($J$4*$D21^6+$J$5*$D21^5+$J$6*$D21^4+$J$7*$D21^3+$J$8*$D21^2+$J$9*$D21+$J$10,0) -> 2596 | K21: =ROUND($K$4*LN(D21)+$K$5,0) -> 4739 | L21: =ROUND(10^$L$5*$D21^$L$4,0) -> 4737 | M21: =ROUND($M$5*EXP($M$4*$D21),0) -> 4725 | O21: =+O20+$C$17 -> 2027 | P21: 2882 | Q21: =ROUND(Censal!$D$6+($Q$10*Censal!$D$6*(O21-Censal!$C$6)),0) -> 3966 | R21: =ROUND(Censal!$D$6*(1+ProyectadaTotal!$R$4)^(ProyectadaTotal!O21-Censal!$C$6),0) -> 4164 | S21: =ROUND(Censal!$D$2*EXP(ProyectadaTotal!$S$10*(ProyectadaTotal!O21-Censal!$C$2)),0) -> 4456 | T21: =ROUND(Censal!$D$2*(200+(ProyectadaTotal!$T$10*100*(ProyectadaTotal!O21-Censal!$C$2)))/(200-(ProyectadaTotal!$T$10*100*(ProyectadaTotal!O21-Censal!$C$2))),0) -> 2583
B22: =B21 -> Proyectada | C22: =Censal!$B$2 -> Municipio | D22: =+D21+$C$17 -> 2030 | E22: =ROUND($E$4*$D22+$E$5,0) -> 4552 | F22: =ROUND($F$4*$D22^2+$F$5*$D22+$F$6,0) -> 2002 | G22: =ROUND($G$4*$D22^3+$G$5*$D22^2+$G$6*$D22+$G$7,0) -> 1826 | H22: =ROUND($H$4*$D22^4+$H$5*$D22^3+$H$6*$D22^2+$H$7*$D22+$H$8,0) -> 1826 | I22: =ROUND($I$4*$D22^5+$I$5*$D22^4+$I$6*$D22^3+$I$7*$D22^2+$I$8*$D22+$I$9,0) -> 1827 | J22: =ROUND($J$4*$D22^6+$J$5*$D22^5+$J$6*$D22^4+$J$7*$D22^3+$J$8*$D22^2+$J$9*$D22+$J$10,0) -> 1828 | K22: =ROUND($K$4*LN(D22)+$K$5,0) -> 4570 | L22: =ROUND(10^$L$5*$D22^$L$4,0) -> 4603 | M22: =ROUND($M$5*EXP($M$4*$D22),0) -> 4589 | O22: =+O21+$C$17 -> 2030 | P22: 2975 | Q22: =ROUND(Censal!$D$6+($Q$10*Censal!$D$6*(O22-Censal!$C$6)),0) -> 3770 | R22: =ROUND(Censal!$D$6*(1+ProyectadaTotal!$R$4)^(ProyectadaTotal!O22-Censal!$C$6),0) -> 4042 | S22: =ROUND(Censal!$D$2*EXP(ProyectadaTotal!$S$10*(ProyectadaTotal!O22-Censal!$C$2)),0) -> 4342 | T22: =ROUND(Censal!$D$2*(200+(ProyectadaTotal!$T$10*100*(ProyectadaTotal!O22-Censal!$C$2)))/(200-(ProyectadaTotal!$T$10*100*(ProyectadaTotal!O22-Censal!$C$2))),0) -> 2415
B23: =B22 -> Proyectada | C23: =Censal!$B$2 -> Municipio | D23: =+D22+$C$17 -> 2033 | E23: =ROUND($E$4*$D23+$E$5,0) -> 4380 | F23: =ROUND($F$4*$D23^2+$F$5*$D23+$F$6,0) -> 1243 | G23: =ROUND($G$4*$D23^3+$G$5*$D23^2+$G$6*$D23+$G$7,0) -> 996 | H23: =ROUND($H$4*$D23^4+$H$5*$D23^3+$H$6*$D23^2+$H$7*$D23+$H$8,0) -> 996 | I23: =ROUND($I$4*$D23^5+$I$5*$D23^4+$I$6*$D23^3+$I$7*$D23^2+$I$8*$D23+$I$9,0) -> 997 | J23: =ROUND($J$4*$D23^6+$J$5*$D23^5+$J$6*$D23^4+$J$7*$D23^3+$J$8*$D23^2+$J$9*$D23+$J$10,0) -> 998 | K23: =ROUND($K$4*LN(D23)+$K$5,0) -> 4401 | L23: =ROUND(10^$L$5*$D23^$L$4,0) -> 4473 | M23: =ROUND($M$5*EXP($M$4*$D23),0) -> 4457 | O23: =+O22+$C$17 -> 2033 | P23: 3031 | Q23: =ROUND(Censal!$D$6+($Q$10*Censal!$D$6*(O23-Censal!$C$6)),0) -> 3575 | R23: =ROUND(Censal!$D$6*(1+ProyectadaTotal!$R$4)^(ProyectadaTotal!O23-Censal!$C$6),0) -> 3924 | S23: =ROUND(Censal!$D$2*EXP(ProyectadaTotal!$S$10*(ProyectadaTotal!O23-Censal!$C$2)),0) -> 4231 | T23: =ROUND(Censal!$D$2*(200+(ProyectadaTotal!$T$10*100*(ProyectadaTotal!O23-Censal!$C$2)))/(200-(ProyectadaTotal!$T$10*100*(ProyectadaTotal!O23-Censal!$C$2))),0) -> 2253
B24: =B23 -> Proyectada | C24: =Censal!$B$2 -> Municipio | D24: =+D23+$C$17 -> 2036 | E24: =ROUND($E$4*$D24+$E$5,0) -> 4208 | F24: =ROUND($F$4*$D24^2+$F$5*$D24+$F$6,0) -> 433 | G24: =ROUND($G$4*$D24^3+$G$5*$D24^2+$G$6*$D24+$G$7,0) -> 103 | H24: =ROUND($H$4*$D24^4+$H$5*$D24^3+$H$6*$D24^2+$H$7*$D24+$H$8,0) -> 103 | I24: =ROUND($I$4*$D24^5+$I$5*$D24^4+$I$6*$D24^3+$I$7*$D24^2+$I$8*$D24+$I$9,0) -> 104 | J24: =ROUND($J$4*$D24^6+$J$5*$D24^5+$J$6*$D24^4+$J$7*$D24^3+$J$8*$D24^2+$J$9*$D24+$J$10,0) -> 105 | K24: =ROUND($K$4*LN(D24)+$K$5,0) -> 4233 | L24: =ROUND(10^$L$5*$D24^$L$4,0) -> 4347 | M24: =ROUND($M$5*EXP($M$4*$D24),0) -> 4329 | O24: =+O23+$C$17 -> 2036 | P24: 3080 | Q24: =ROUND(Censal!$D$6+($Q$10*Censal!$D$6*(O24-Censal!$C$6)),0) -> 3380 | R24: =ROUND(Censal!$D$6*(1+ProyectadaTotal!$R$4)^(ProyectadaTotal!O24-Censal!$C$6),0) -> 3809 | S24: =ROUND(Censal!$D$2*EXP(ProyectadaTotal!$S$10*(ProyectadaTotal!O24-Censal!$C$2)),0) -> 4123 | T24: =ROUND(Censal!$D$2*(200+(ProyectadaTotal!$T$10*100*(ProyectadaTotal!O24-Censal!$C$2)))/(200-(ProyectadaTotal!$T$10*100*(ProyectadaTotal!O24-Censal!$C$2))),0) -> 2096
B25: =B24 -> Proyectada | C25: =Censal!$B$2 -> Municipio | D25: =+D24+$C$17 -> 2039 | E25: =ROUND($E$4*$D25+$E$5,0) -> 4036 | F25: =ROUND($F$4*$D25^2+$F$5*$D25+$F$6,0) -> -425 | G25: =ROUND($G$4*$D25^3+$G$5*$D25^2+$G$6*$D25+$G$7,0) -> -854 | H25: =ROUND($H$4*$D25^4+$H$5*$D25^3+$H$6*$D25^2+$H$7*$D25+$H$8,0) -> -854 | I25: =ROUND($I$4*$D25^5+$I$5*$D25^4+$I$6*$D25^3+$I$7*$D25^2+$I$8*$D25+$I$9,0) -> -853 | J25: =ROUND($J$4*$D25^6+$J$5*$D25^5+$J$6*$D25^4+$J$7*$D25^3+$J$8*$D25^2+$J$9*$D25+$J$10,0) -> -852 | K25: =ROUND($K$4*LN(D25)+$K$5,0) -> 4065 | L25: =ROUND(10^$L$5*$D25^$L$4,0) -> 4225 | M25: =ROUND($M$5*EXP($M$4*$D25),0) -> 4204 | O25: =+O24+$C$17 -> 2039 | Q25: =ROUND(Censal!$D$6+($Q$10*Censal!$D$6*(O25-Censal!$C$6)),0) -> 3185 | R25: =ROUND(Censal!$D$6*(1+ProyectadaTotal!$R$4)^(ProyectadaTotal!O25-Censal!$C$6),0) -> 3698 | S25: =ROUND(Censal!$D$2*EXP(ProyectadaTotal!$S$10*(ProyectadaTotal!O25-Censal!$C$2)),0) -> 4018 | T25: =ROUND(Censal!$D$2*(200+(ProyectadaTotal!$T$10*100*(ProyectadaTotal!O25-Censal!$C$2)))/(200-(ProyectadaTotal!$T$10*100*(ProyectadaTotal!O25-Censal!$C$2))),0) -> 1944
B26: =B25 -> Proyectada | C26: =Censal!$B$2 -> Municipio | D26: =D25+$C$17 -> 2042 | E26: =ROUND($E$4*$D26+$E$5,0) -> 3864 | F26: =ROUND($F$4*$D26^2+$F$5*$D26+$F$6,0) -> -1333 | G26: =ROUND($G$4*$D26^3+$G$5*$D26^2+$G$6*$D26+$G$7,0) -> -1875 | H26: =ROUND($H$4*$D26^4+$H$5*$D26^3+$H$6*$D26^2+$H$7*$D26+$H$8,0) -> -1877 | I26: =ROUND($I$4*$D26^5+$I$5*$D26^4+$I$6*$D26^3+$I$7*$D26^2+$I$8*$D26+$I$9,0) -> -1876 | J26: =ROUND($J$4*$D26^6+$J$5*$D26^5+$J$6*$D26^4+$J$7*$D26^3+$J$8*$D26^2+$J$9*$D26+$J$10,0) -> -1875 | K26: =ROUND($K$4*LN(D26)+$K$5,0) -> 3898 | L26: =ROUND(10^$L$5*$D26^$L$4,0) -> 4106 | M26: =ROUND($M$5*EXP($M$4*$D26),0) -> 4083 | O26: =+O25+$C$17 -> 2042 | Q26: =ROUND(Censal!$D$6+($Q$10*Censal!$D$6*(O26-Censal!$C$6)),0) -> 2990 | R26: =ROUND(Censal!$D$6*(1+ProyectadaTotal!$R$4)^(ProyectadaTotal!O26-Censal!$C$6),0) -> 3590 | S26: =ROUND(Censal!$D$2*EXP(ProyectadaTotal!$S$10*(ProyectadaTotal!O26-Censal!$C$2)),0) -> 3915 | T26: =ROUND(Censal!$D$2*(200+(ProyectadaTotal!$T$10*100*(ProyectadaTotal!O26-Censal!$C$2)))/(200-(ProyectadaTotal!$T$10*100*(ProyectadaTotal!O26-Censal!$C$2))),0) -> 1797
B27: =B26 -> Proyectada | C27: =Censal!$B$2 -> Municipio | D27: =D26+$C$17 -> 2045 | E27: =ROUND($E$4*$D27+$E$5,0) -> 3693 | F27: =ROUND($F$4*$D27^2+$F$5*$D27+$F$6,0) -> -2290 | G27: =ROUND($G$4*$D27^3+$G$5*$D27^2+$G$6*$D27+$G$7,0) -> -2963 | H27: =ROUND($H$4*$D27^4+$H$5*$D27^3+$H$6*$D27^2+$H$7*$D27+$H$8,0) -> -2965 | I27: =ROUND($I$4*$D27^5+$I$5*$D27^4+$I$6*$D27^3+$I$7*$D27^2+$I$8*$D27+$I$9,0) -> -2966 | J27: =ROUND($J$4*$D27^6+$J$5*$D27^5+$J$6*$D27^4+$J$7*$D27^3+$J$8*$D27^2+$J$9*$D27+$J$10,0) -> -2964 | K27: =ROUND($K$4*LN(D27)+$K$5,0) -> 3730 | L27: =ROUND(10^$L$5*$D27^$L$4,0) -> 3991 | M27: =ROUND($M$5*EXP($M$4*$D27),0) -> 3965 | O27: =+O26+$C$17 -> 2045 | Q27: =ROUND(Censal!$D$6+($Q$10*Censal!$D$6*(O27-Censal!$C$6)),0) -> 2795 | R27: =ROUND(Censal!$D$6*(1+ProyectadaTotal!$R$4)^(ProyectadaTotal!O27-Censal!$C$6),0) -> 3485 | S27: =ROUND(Censal!$D$2*EXP(ProyectadaTotal!$S$10*(ProyectadaTotal!O27-Censal!$C$2)),0) -> 3815 | T27: =ROUND(Censal!$D$2*(200+(ProyectadaTotal!$T$10*100*(ProyectadaTotal!O27-Censal!$C$2)))/(200-(ProyectadaTotal!$T$10*100*(ProyectadaTotal!O27-Censal!$C$2))),0) -> 1655
B28: =B27 -> Proyectada | C28: =Censal!$B$2 -> Municipio | D28: =D27+$C$17 -> 2048 | E28: =ROUND($E$4*$D28+$E$5,0) -> 3521 | F28: =ROUND($F$4*$D28^2+$F$5*$D28+$F$6,0) -> -3296 | G28: =ROUND($G$4*$D28^3+$G$5*$D28^2+$G$6*$D28+$G$7,0) -> -4119 | H28: =ROUND($H$4*$D28^4+$H$5*$D28^3+$H$6*$D28^2+$H$7*$D28+$H$8,0) -> -4122 | I28: =ROUND($I$4*$D28^5+$I$5*$D28^4+$I$6*$D28^3+$I$7*$D28^2+$I$8*$D28+$I$9,0) -> -4123 | J28: =ROUND($J$4*$D28^6+$J$5*$D28^5+$J$6*$D28^4+$J$7*$D28^3+$J$8*$D28^2+$J$9*$D28+$J$10,0) -> -4121 | K28: =ROUND($K$4*LN(D28)+$K$5,0) -> 3563 | L28: =ROUND(10^$L$5*$D28^$L$4,0) -> 3879 | M28: =ROUND($M$5*EXP($M$4*$D28),0) -> 3851 | O28: =+O27+$C$17 -> 2048 | Q28: =ROUND(Censal!$D$6+($Q$10*Censal!$D$6*(O28-Censal!$C$6)),0) -> 2599 | R28: =ROUND(Censal!$D$6*(1+ProyectadaTotal!$R$4)^(ProyectadaTotal!O28-Censal!$C$6),0) -> 3383 | S28: =ROUND(Censal!$D$2*EXP(ProyectadaTotal!$S$10*(ProyectadaTotal!O28-Censal!$C$2)),0) -> 3717 | T28: =ROUND(Censal!$D$2*(200+(ProyectadaTotal!$T$10*100*(ProyectadaTotal!O28-Censal!$C$2)))/(200-(ProyectadaTotal!$T$10*100*(ProyectadaTotal!O28-Censal!$C$2))),0) -> 1517
B29: =B28 -> Proyectada | C29: =Censal!$B$2 -> Municipio | D29: =D28+$C$17 -> 2051 | E29: =ROUND($E$4*$D29+$E$5,0) -> 3349 | F29: =ROUND($F$4*$D29^2+$F$5*$D29+$F$6,0) -> -4352 | G29: =ROUND($G$4*$D29^3+$G$5*$D29^2+$G$6*$D29+$G$7,0) -> -5342 | H29: =ROUND($H$4*$D29^4+$H$5*$D29^3+$H$6*$D29^2+$H$7*$D29+$H$8,0) -> -5347 | I29: =ROUND($I$4*$D29^5+$I$5*$D29^4+$I$6*$D29^3+$I$7*$D29^2+$I$8*$D29+$I$9,0) -> -5349 | J29: =ROUND($J$4*$D29^6+$J$5*$D29^5+$J$6*$D29^4+$J$7*$D29^3+$J$8*$D29^2+$J$9*$D29+$J$10,0) -> -5348 | K29: =ROUND($K$4*LN(D29)+$K$5,0) -> 3396 | L29: =ROUND(10^$L$5*$D29^$L$4,0) -> 3770 | M29: =ROUND($M$5*EXP($M$4*$D29),0) -> 3740 | O29: =+O28+$C$17 -> 2051 | Q29: =ROUND(Censal!$D$6+($Q$10*Censal!$D$6*(O29-Censal!$C$6)),0) -> 2404 | R29: =ROUND(Censal!$D$6*(1+ProyectadaTotal!$R$4)^(ProyectadaTotal!O29-Censal!$C$6),0) -> 3284 | S29: =ROUND(Censal!$D$2*EXP(ProyectadaTotal!$S$10*(ProyectadaTotal!O29-Censal!$C$2)),0) -> 3622 | T29: =ROUND(Censal!$D$2*(200+(ProyectadaTotal!$T$10*100*(ProyectadaTotal!O29-Censal!$C$2)))/(200-(ProyectadaTotal!$T$10*100*(ProyectadaTotal!O29-Censal!$C$2))),0) -> 1384
B31: Etiquetas en gráfica | O31: 1973 | P31: =+Censal!D2 -> 7100 | Q31: =ROUND(Censal!$D$6+($Q$10*Censal!$D$6*(O31-Censal!$C$6)),0) -> 7478 | R31: =ROUND(Censal!$D$6*(1+ProyectadaTotal!$R$4)^(ProyectadaTotal!O31-Censal!$C$6),0) -> 7100 | S31: =ROUND(Censal!$D$2*EXP(ProyectadaTotal!$S$10*(ProyectadaTotal!O31-Censal!$C$2)),0) -> 7100 | T31: =ROUND(Censal!$D$2*(200+(ProyectadaTotal!$T$10*100*(ProyectadaTotal!O31-Censal!$C$2)))/(200-(ProyectadaTotal!$T$10*100*(ProyectadaTotal!O31-Censal!$C$2))),0) -> 7100
B32: =_xlfn.CONCAT(Censal!A2," - Población censal ",Censal!B2," y población proyectada a ",D29-D19," años con diferentes tendencias") -> DANE - Población censal Municipio y población proyectada a 30 años con diferentes tendencias | O32: 1985 | P32: =+Censal!D3 -> 7371 | Q32: =ROUND(Censal!$D$6+($Q$10*Censal!$D$6*(O32-Censal!$C$6)),0) -> 6698 | R32: =ROUND(Censal!$D$6*(1+ProyectadaTotal!$R$4)^(ProyectadaTotal!O32-Censal!$C$6),0) -> 6306 | S32: =ROUND(Censal!$D$2*EXP(ProyectadaTotal!$S$10*(ProyectadaTotal!O32-Censal!$C$2)),0) -> 6402 | T32: =ROUND(Censal!$D$2*(200+(ProyectadaTotal!$T$10*100*(ProyectadaTotal!O32-Censal!$C$2)))/(200-(ProyectadaTotal!$T$10*100*(ProyectadaTotal!O32-Censal!$C$2))),0) -> 5766
B33: =_xlfn.CONCAT(Censal!A2," - Población censal ",Censal!B2," y población proyectada a ",D29-D19," años para el ajuste seleccionado") -> DANE - Población censal Municipio y población proyectada a 30 años para el ajuste seleccionado | O33: 1993 | P33: =+Censal!D4 -> 7439 | Q33: =ROUND(Censal!$D$6+($Q$10*Censal!$D$6*(O33-Censal!$C$6)),0) -> 6177 | R33: =ROUND(Censal!$D$6*(1+ProyectadaTotal!$R$4)^(ProyectadaTotal!O33-Censal!$C$6),0) -> 5827 | S33: =ROUND(Censal!$D$2*EXP(ProyectadaTotal!$S$10*(ProyectadaTotal!O33-Censal!$C$2)),0) -> 5975 | T33: =ROUND(Censal!$D$2*(200+(ProyectadaTotal!$T$10*100*(ProyectadaTotal!O33-Censal!$C$2)))/(200-(ProyectadaTotal!$T$10*100*(ProyectadaTotal!O33-Censal!$C$2))),0) -> 5008
B34: =_xlfn.CONCAT(Censal!A2," - Población censal municipal") -> DANE - Población censal municipal | O34: 2005 | P34: =+Censal!D5 -> 6383 | Q34: =ROUND(Censal!$D$6+($Q$10*Censal!$D$6*(O34-Censal!$C$6)),0) -> 5397 | R34: =ROUND(Censal!$D$6*(1+ProyectadaTotal!$R$4)^(ProyectadaTotal!O34-Censal!$C$6),0) -> 5175 | S34: =ROUND(Censal!$D$2*EXP(ProyectadaTotal!$S$10*(ProyectadaTotal!O34-Censal!$C$2)),0) -> 5387 | T34: =ROUND(Censal!$D$2*(200+(ProyectadaTotal!$T$10*100*(ProyectadaTotal!O34-Censal!$C$2)))/(200-(ProyectadaTotal!$T$10*100*(ProyectadaTotal!O34-Censal!$C$2))),0) -> 4025
O35: 2018 | P35: =+Censal!D6 -> 4551 | Q35: =ROUND(Censal!$D$6+($Q$10*Censal!$D$6*(O35-Censal!$C$6)),0) -> 4551 | R35: =ROUND(Censal!$D$6*(1+ProyectadaTotal!$R$4)^(ProyectadaTotal!O35-Censal!$C$6),0) -> 4551 | S35: =ROUND(Censal!$D$2*EXP(ProyectadaTotal!$S$10*(ProyectadaTotal!O35-Censal!$C$2)),0) -> 4816 | T35: =ROUND(Censal!$D$2*(200+(ProyectadaTotal!$T$10*100*(ProyectadaTotal!O35-Censal!$C$2)))/(200-(ProyectadaTotal!$T$10*100*(ProyectadaTotal!O35-Censal!$C$2))),0) -> 3125
B37: Población censal y proyectada a 30 años con diferentes tendencias. Municipio de San Luis de Gaceno

Sheet DinamicaDemografica
B2: Ejemplo de dinámica demográfica municipal
B4: Nacen (N) → | C4: 17 | F4: 30 | G4: ← Inmigran (I)
C5: Población inicial (Po)
D6: =MAX(Censal!D2:D95) -> 7439
B7: Mueren (D) → | C7: 18 | F7: 25 | G7: ← Emigran (E)
C8: ↓ | F8: ↓
B9: Saldo vegetativo (CV = N - D) | C9: =C4-C7 -> -1 | F9: =F4-F7 -> 5 | G9: Saldo migratorio (MN = I - E)
C10: ↓ | F10: ↓
C11: Saldo o crecimiento total (CT = CV + MN)
C12: =C9+F9 -> 4
C13: ↓ | F13: ↓
B14: Población final (Pr = Po + CT) | C14: =D6+C12 -> 7443 | F14: =(D6+C14)/2 -> 7441 | G14: Población promedio (PM = (Po + Pr) / 2)
B16: Tasas
B17: Tasa de crecimiento total por cada 1000 habitantes, TCT = (CT / PM) * 1000 | G17: =(C12/F14)*1000 -> 0.53756216
B18: Tasa bruta de natalidad por cada 1000 habitantes, TBN = (N / PM) * 1000 | G18: =(C4/F14)*1000 -> 2.2846392
B19: Tasa bruta de mortalidad por cada 1000 habitantes, TBM = (D / PM) * 1000 | G19: =(C7/F14)*1000 -> 2.4190297
B20: Tasa de crecimiento vegetativo por cada 1000 habitantes, TCV = TBN - TBM | G20: =G18-G19 -> -0.13439054
B21: Tasa de inmigración por cada 1000 habitantes, TI = (I / PM) * 1000 | G21: =(F4/F14)*1000 -> 4.0317162
B22: Tasa de emigración por cada 1000 habitantes, TE = (E / PM) * 1000 | G22: =(F7/F14)*1000 -> 3.3597635
B23: Tasa de migración neta por cada 1000 habitantes, TMN = TI - TE | G23: =G21-G22 -> 0.67195269

Sheet PoblacionGIS
A1: =Censal!A1 -> Fuente | B1: =Censal!B1 -> Zona | C1: =Censal!C1 -> Fecha | D1: =Censal!D1 -> PTotal
A2: =Censal!A2 -> DANE | B2: =Censal!B2 -> Municipio | C2: =Censal!C2 -> 1973 | D2: =Censal!D2 -> 7100
A3: =Censal!A3 -> DANE | B3: =Censal!B3 -> Municipio | C3: =Censal!C3 -> 1985 | D3: =Censal!D3 -> 7371
A4: =Censal!A4 -> DANE | B4: =Censal!B4 -> Municipio | C4: =Censal!C4 -> 1993 | D4: =Censal!D4 -> 7439
A5: =Censal!A5 -> DANE | B5: =Censal!B5 -> Municipio | C5: =Censal!C5 -> 2005 | D5: =Censal!D5 -> 6383
A6: =Censal!A6 -> DANE | B6: =Censal!B6 -> Municipio | C6: =Censal!C6 -> 2018 | D6: =Censal!D6 -> 4551
A7: =Censal!A6 -> DANE | B7: =Censal!B6 -> Municipio | C7: =Censal!C6 -> 2018 | D7: =Censal!D6 -> 4551
A8: =ProyectadaTotal!B19 -> Proyectada | B8: =ProyectadaTotal!C19 -> Municipio | C8: =ProyectadaTotal!D19 -> 2021 | D8: =+AVERAGE(ProyectadaTotal!K19,ProyectadaTotal!Q19) -> 4716.5
A9: =ProyectadaTotal!B20 -> Proyectada | B9: =ProyectadaTotal!C20 -> Municipio | C9: =ProyectadaTotal!D20 -> 2024 | D9: =+AVERAGE(ProyectadaTotal!K20,ProyectadaTotal!Q20) -> 4534.5
A10: =ProyectadaTotal!B21 -> Proyectada | B10: =ProyectadaTotal!C21 -> Municipio | C10: =ProyectadaTotal!D21 -> 2027 | D10: =+AVERAGE(ProyectadaTotal!K21,ProyectadaTotal!Q21) -> 4352.5
A11: =ProyectadaTotal!B22 -> Proyectada | B11: =ProyectadaTotal!C22 -> Municipio | C11: =ProyectadaTotal!D22 -> 2030 | D11: =+AVERAGE(ProyectadaTotal!K22,ProyectadaTotal!Q22) -> 4170
A12: =ProyectadaTotal!B23 -> Proyectada | B12: =ProyectadaTotal!C23 -> Municipio | C12: =ProyectadaTotal!D23 -> 2033 | D12: =+AVERAGE(ProyectadaTotal!K23,ProyectadaTotal!Q23) -> 3988
A13: =ProyectadaTotal!B24 -> Proyectada | B13: =ProyectadaTotal!C24 -> Municipio | C13: =ProyectadaTotal!D24 -> 2036 | D13: =+AVERAGE(ProyectadaTotal!K24,ProyectadaTotal!Q24) -> 3806.5
A14: =ProyectadaTotal!B25 -> Proyectada | B14: =ProyectadaTotal!C25 -> Municipio | C14: =ProyectadaTotal!D25 -> 2039 | D14: =+AVERAGE(ProyectadaTotal!K25,ProyectadaTotal!Q25) -> 3625
A15: =ProyectadaTotal!B26 -> Proyectada | B15: =ProyectadaTotal!C26 -> Municipio | C15: =ProyectadaTotal!D26 -> 2042 | D15: =+AVERAGE(ProyectadaTotal!K26,ProyectadaTotal!Q26) -> 3444
A16: =ProyectadaTotal!B27 -> Proyectada | B16: =ProyectadaTotal!C27 -> Municipio | C16: =ProyectadaTotal!D27 -> 2045 | D16: =+AVERAGE(ProyectadaTotal!K27,ProyectadaTotal!Q27) -> 3262.5
A17: =ProyectadaTotal!B28 -> Proyectada | B17: =ProyectadaTotal!C28 -> Municipio | C17: =ProyectadaTotal!D28 -> 2048 | D17: =+AVERAGE(ProyectadaTotal!K28,ProyectadaTotal!Q28) -> 3081
A18: =ProyectadaTotal!B29 -> Proyectada | B18: =ProyectadaTotal!C29 -> Municipio | C18: =ProyectadaTotal!D29 -> 2051 | D18: =+AVERAGE(ProyectadaTotal!K29,ProyectadaTotal!Q29) -> 2900
