Workbook

Sheet Censo
A1: Año | B1: Total | C1: Urbano | D1: Rural
A2: 1985 | B2: 30802221 | C2: 20497678 | D2: 10304543
A3: 1993 | B3: 33165286 | C3: 23549558 | D3: 9615728
A4: 2005 | B4: 42888592 | C4: 31890892 | D4: 10997700
A5: 2018 | B5: 44164417 | C5: 34107027 | D5: 10057390

Sheet Mpio
A1: MpCodigo | B1: MpNombre | C1: DeCodigo | D1: DeNombre
A2: 91263 | B2: El Encanto | C2: 91 | D2: Amazonas
A3: 91405 | B3: La Chorrera | C3: 91 | D3: Amazonas
A4: 91407 | B4: La Pedrera | C4: 91 | D4: Amazonas
A5: 91430 | B5: La Victoria | C5: 91 | D5: Amazonas
A6: 91001 | B6: Leticia | C6: 91 | D6: Amazonas
A7: 91460 | B7: Mirití-Paraná | C7: 91 | D7: Amazonas
A8: 91530 | B8: Puerto Alegría | C8: 91 | D8: Amazonas
A9: 91536 | B9: Puerto Arica | C9: 91 | D9: Amazonas
A10: 91540 | B10: Puerto Nariño | C10: 91 | D10: Amazonas
A11: 91669 | B11: Santander | C11: 91 | D11: Amazonas
A12: 91798 | B12: Tarapacá | C12: 91 | D12: Amazonas
... A1124: 99624 | B1124: Santa Rosalía | C1124: 99 | D1124: Vichada

Sheet A2018
A1: Fuente | B1: Anno | C1: MpCodigo | D1: MpNombre | E1: DeCodigo | F1: DeNombre | G1: T | H1: U | I1: R | J1: CPR | K1: RD | L1: MpCodCheck
A2: DANE | B2: 2018 | C2: 91263 | D2: El Encanto | E2: 91 | F2: Amazonas | G2: 1885 | H2: 0 | I2: 1885 | J2: 994 | K2: 891 | L2: =VLOOKUP(C2,Mpio!$A$1:$D$1124,1,FALSE) -> 91263
A3: DANE | B3: 2018 | C3: 91405 | D3: La Chorrera | E3: 91 | F3: Amazonas | G3: 2357 | H3: 0 | I3: 2357 | J3: 593 | K3: 1764 | L3: =VLOOKUP(C3,Mpio!$A$1:$D$1124,1,FALSE) -> 91405
A4: DANE | B4: 2018 | C4: 91407 | D4: La Pedrera | E4: 91 | F4: Amazonas | G4: 3781 | H4: 0 | I4: 3781 | J4: 908 | K4: 2873 | L4: =VLOOKUP(C4,Mpio!$A$1:$D$1124,1,FALSE) -> 91407
A5: DANE | B5: 2018 | C5: 91430 | D5: La Victoria | E5: 91 | F5: Amazonas | G5: 166 | H5: 0 | I5: 166 | J5: 0 | K5: 166 | L5: =VLOOKUP(C5,Mpio!$A$1:$D$1124,1,FALSE) -> 91430
A6: DANE | B6: 2018 | C6: 91001 | D6: Leticia | E6: 91 | F6: Amazonas | G6: 42844 | H6: 32220 | I6: 10624 | J6: 8721 | K6: 1903 | L6: =VLOOKUP(C6,Mpio!$A$1:$D$1124,1,FALSE) -> 91001
A7: DANE | B7: 2018 | C7: 91460 | D7: Mirití-Paraná | E7: 91 | F7: Amazonas | G7: 1023 | H7: 0 | I7: 1023 | J7: 182 | K7: 841 | L7: =VLOOKUP(C7,Mpio!$A$1:$D$1124,1,FALSE) -> 91460
A8: DANE | B8: 2018 | C8: 91530 | D8: Puerto Alegría | E8: 91 | F8: Amazonas | G8: 681 | H8: 0 | I8: 681 | J8: 294 | K8: 387 | L8: =VLOOKUP(C8,Mpio!$A$1:$D$1124,1,FALSE) -> 91530
A9: DANE | B9: 2018 | C9: 91536 | D9: Puerto Arica | E9: 91 | F9: Amazonas | G9: 794 | H9: 0 | I9: 794 | J9: 415 | K9: 379 | L9: =VLOOKUP(C9,Mpio!$A$1:$D$1124,1,FALSE) -> 91536
A10: DANE | B10: 2018 | C10: 91540 | D10: Puerto Nariño | E10: 91 | F10: Amazonas | G10: 7896 | H10: 2376 | I10: 5520 | J10: 3338 | K10: 2182 | L10: =VLOOKUP(C10,Mpio!$A$1:$D$1124,1,FALSE) -> 91540
A11: DANE | B11: 2018 | C11: 91669 | D11: Santander | E11: 91 | F11: Amazonas | G11: 1450 | H11: 0 | I11: 1450 | J11: 239 | K11: 1211 | L11: =VLOOKUP(C11,Mpio!$A$1:$D$1124,1,FALSE) -> 91669
A12: DANE | B12: 2018 | C12: 91798 | D12: Tarapacá | E12: 91 | F12: Amazonas | G12: 3179 | H12: 0 | I12: 3179 | J12: 282 | K12: 2897 | L12: =VLOOKUP(C12,Mpio!$A$1:$D$1124,1,FALSE) -> 91798
A13: DANE | B13: 2018 | C13: 05002 | D13: Abejorral | E13: 05 | F13: Antioquia | G13: 17599 | H13: 6957 | I13: 10642 | J13: 437 | K13: 10205 | L13: =VLOOKUP(C13,Mpio!$A$1:$D$1124,1,FALSE) -> 05002
... A1122: DANE | B1122: 2018 | C1122: 99624 | D1122: Santa Rosalía | E1122: 99 | F1122: Vichada | G1122: 4026 | H1122: 2362 | I1122: 1664 | J1122: 83 | K1122: 1581 | L1122: =VLOOKUP(C1122,Mpio!$A$1:$D$1124,1,FALSE) -> 99624

Sheet A2005
A1: Fuente | B1: Anno | C1: MpCodigo | D1: MpNombre | E1: DeCodigo | F1: DeNombre | G1: T | H1: U | I1: R | J1: MpCodCheck
A2: DANE | B2: 2005 | C2: 91263 | D2: El Encanto | E2: 91 | F2: Amazonas | G2: 4376 | H2: 0 | I2: 4376 | J2: =VLOOKUP(C2,Mpio!$A$1:$D$1124,1,FALSE) -> 91263
A3: DANE | B3: 2005 | C3: 91405 | D3: La Chorrera | E3: 91 | F3: Amazonas | G3: 3337 | H3: 0 | I3: 3337 | J3: =VLOOKUP(C3,Mpio!$A$1:$D$1124,1,FALSE) -> 91405
A4: DANE | B4: 2005 | C4: 91407 | D4: La Pedrera | E4: 91 | F4: Amazonas | G4: 3711 | H4: 0 | I4: 3711 | J4: =VLOOKUP(C4,Mpio!$A$1:$D$1124,1,FALSE) -> 91407
A5: DANE | B5: 2005 | C5: 91430 | D5: La Victoria | E5: 91 | F5: Amazonas | G5: 979 | H5: 0 | I5: 979 | J5: =VLOOKUP(C5,Mpio!$A$1:$D$1124,1,FALSE) -> 91430
A6: DANE | B6: 2005 | C6: 91001 | D6: Leticia | E6: 91 | F6: Amazonas | G6: 37832 | H6: 23811 | I6: 14021 | J6: =VLOOKUP(C6,Mpio!$A$1:$D$1124,1,FALSE) -> 91001
A7: DANE | B7: 2005 | C7: 91460 | D7: Miriti - Paraná | E7: 91 | F7: Amazonas | G7: 1643 | H7: 0 | I7: 1643 | J7: =VLOOKUP(C7,Mpio!$A$1:$D$1124,1,FALSE) -> 91460
A8: DANE | B8: 2005 | C8: 91530 | D8: Puerto Alegría | E8: 91 | F8: Amazonas | G8: 1277 | H8: 0 | I8: 1277 | J8: =VLOOKUP(C8,Mpio!$A$1:$D$1124,1,FALSE) -> 91530
A9: DANE | B9: 2005 | C9: 91536 | D9: Puerto Arica | E9: 91 | F9: Amazonas | G9: 1440 | H9: 0 | I9: 1440 | J9: =VLOOKUP(C9,Mpio!$A$1:$D$1124,1,FALSE) -> 91536
A10: DANE | B10: 2005 | C10: 91540 | D10: Puerto Nariño | E10: 91 | F10: Amazonas | G10: 6983 | H10: 1848 | I10: 5135 | J10: =VLOOKUP(C10,Mpio!$A$1:$D$1124,1,FALSE) -> 91540
A11: DANE | B11: 2005 | C11: 91669 | D11: Puerto Santander | E11: 91 | F11: Amazonas | G11: 2373 | H11: 0 | I11: 2373 | J11: =VLOOKUP(C11,Mpio!$A$1:$D$1124,1,FALSE) -> 91669
A12: DANE | B12: 2005 | C12: 91798 | D12: Tarapacá | E12: 91 | F12: Amazonas | G12: 3775 | H12: 0 | I12: 3775 | J12: =VLOOKUP(C12,Mpio!$A$1:$D$1124,1,FALSE) -> 91798
A13: DANE | B13: 2005 | C13: 05002 | D13: Abejorral | E13: 05 | F13: Antioquia | G13: 20249 | H13: 6271 | I13: 13978 | J13: =VLOOKUP(C13,Mpio!$A$1:$D$1124,1,FALSE) -> 05002
... A1119: DANE | B1119: 2005 | C1119: 99624 | D1119: Santa Rosalía | E1119: 99 | F1119: Vichada | G1119: 3250 | H1119: 1862 | I1119: 1388 | J1119: =VLOOKUP(C1119,Mpio!$A$1:$D$1124,1,FALSE) -> 99624

Sheet A1993
A1: Fuente | B1: Anno | C1: MpCodigo | D1: MpNombre | E1: DeCodigo | F1: DeNombre | G1: T | H1: U | I1: R | J1: MpCodCheck
A2: DANE | B2: 1993 | C2: 91263 | D2: El Encanto | E2: 91 | F2: Amazonas | G2: 2331 | H2: 0 | I2: 2331 | J2: =VLOOKUP(C2,Mpio!$A$1:$D$1124,1,FALSE) -> 91263
A3: DANE | B3: 1993 | C3: 91405 | D3: La Chorrera | E3: 91 | F3: Amazonas | G3: 2828 | H3: 0 | I3: 2828 | J3: =VLOOKUP(C3,Mpio!$A$1:$D$1124,1,FALSE) -> 91405
A4: DANE | B4: 1993 | C4: 91407 | D4: La Pedrera | E4: 91 | F4: Amazonas | G4: 926 | H4: 0 | I4: 926 | J4: =VLOOKUP(C4,Mpio!$A$1:$D$1124,1,FALSE) -> 91407
A5: DANE | B5: 1993 | C5: 91460 | D5: Mirití-Paraná | E5: 91 | F5: Amazonas | G5: 1897 | H5: 0 | I5: 1897 | J5: =VLOOKUP(C5,Mpio!$A$1:$D$1124,1,FALSE) -> 91460
A6: DANE | B6: 1993 | C6: 91669 | D6: Santander | E6: 91 | F6: Amazonas | G6: 1228 | H6: 0 | I6: 1228 | J6: =VLOOKUP(C6,Mpio!$A$1:$D$1124,1,FALSE) -> 91669
A7: DANE | B7: 1993 | C7: 91798 | D7: Tarapacá | E7: 91 | F7: Amazonas | G7: 1680 | H7: 0 | I7: 1680 | J7: =VLOOKUP(C7,Mpio!$A$1:$D$1124,1,FALSE) -> 91798
A8: DANE | B8: 1993 | C8: 91001 | D8: Leticia | E8: 91 | F8: Amazonas | G8: 22866 | H8: 17758 | I8: 5108 | J8: =VLOOKUP(C8,Mpio!$A$1:$D$1124,1,FALSE) -> 91001
A9: DANE | B9: 1993 | C9: 91540 | D9: Puerto Nariño | E9: 91 | F9: Amazonas | G9: 4008 | H9: 1266 | I9: 2742 | J9: =VLOOKUP(C9,Mpio!$A$1:$D$1124,1,FALSE) -> 91540
A10: DANE | B10: 1993 | C10: 05002 | D10: Abejorral | E10: 05 | F10: Antioquia | G10: 23735 | H10: 6583 | I10: 17152 | J10: =VLOOKUP(C10,Mpio!$A$1:$D$1124,1,FALSE) -> 05002
A11: DANE | B11: 1993 | C11: 05004 | D11: Abriaquí | E11: 05 | F11: Antioquia | G11: 3188 | H11: 867 | I11: 2321 | J11: =VLOOKUP(C11,Mpio!$A$1:$D$1124,1,FALSE) -> 05004
A12: DANE | B12: 1993 | C12: 05021 | D12: Alejandría | E12: 05 | F12: Antioquia | G12: 4732 | H12: 2089 | I12: 2643 | J12: =VLOOKUP(C12,Mpio!$A$1:$D$1124,1,FALSE) -> 05021
A13: DANE | B13: 1993 | C13: 05030 | D13: Amagá | E13: 05 | F13: Antioquia | G13: 22579 | H13: 9836 | I13: 12743 | J13: =VLOOKUP(C13,Mpio!$A$1:$D$1124,1,FALSE) -> 05030
... A1058: DANE | B1058: 1993 | C1058: 99001 | D1058: Puerto Carreño | E1058: 99 | F1058: Vichada | G1058: 7059 | H1058: 5534 | I1058: 1525 | J1058: =VLOOKUP(C1058,Mpio!$A$1:$D$1124,1,FALSE) -> 99001

Sheet A1985
A1: Fuente | B1: Anno | C1: MpCodigo | D1: MpNombre | E1: DeCodigo | F1: DeNombre | G1: T | H1: U | I1: R | J1: MpCodCheck
A2: DANE | B2: 1985 | C2: 47980 | D2: Zona Bananera | E2: 47 | F2: Magdalena | G2: 0 | H2: 0 | I2: 0 | J2: =VLOOKUP(C2,Mpio!$A$1:$D$1124,1,FALSE) -> 47980
A3: DANE | B3: 1985 | C3: 25899 | D3: Zipaquirá | E3: 25 | F3: Cundinamarca | G3: 60202 | H3: 50511 | I3: 9691 | J3: =VLOOKUP(C3,Mpio!$A$1:$D$1124,1,FALSE) -> 25899
A4: DANE | B4: 1985 | C4: 25898 | D4: Zipacón | E4: 25 | F4: Cundinamarca | G4: 3787 | H4: 1257 | I4: 2530 | J4: =VLOOKUP(C4,Mpio!$A$1:$D$1124,1,FALSE) -> 25898
A5: DANE | B5: 1985 | C5: 15897 | D5: Zetaquira | E5: 15 | F5: Boyacá | G5: 6049 | H5: 726 | I5: 5323 | J5: =VLOOKUP(C5,Mpio!$A$1:$D$1124,1,FALSE) -> 15897
A6: DANE | B6: 1985 | C6: 76895 | D6: Zarzal | E6: 76 | F6: Valle del Cauca | G6: 34243 | H6: 23919 | I6: 10324 | J6: =VLOOKUP(C6,Mpio!$A$1:$D$1124,1,FALSE) -> 76895
A7: DANE | B7: 1985 | C7: 05895 | D7: Zaragoza | E7: 05 | F7: Antioquia | G7: 12422 | H7: 6318 | I7: 6104 | J7: =VLOOKUP(C7,Mpio!$A$1:$D$1124,1,FALSE) -> 05895
A8: DANE | B8: 1985 | C8: 47960 | D8: Zapayán | E8: 47 | F8: Magdalena | G8: 0 | H8: 0 | I8: 0 | J8: =VLOOKUP(C8,Mpio!$A$1:$D$1124,1,FALSE) -> 47960
A9: DANE | B9: 1985 | C9: 68895 | D9: Zapatoca | E9: 68 | F9: Santander | G9: 11823 | H9: 6658 | I9: 5165 | J9: =VLOOKUP(C9,Mpio!$A$1:$D$1124,1,FALSE) -> 68895
A10: DANE | B10: 1985 | C10: 13894 | D10: Zambrano | E10: 13 | F10: Bolívar | G10: 10468 | H10: 8950 | I10: 1518 | J10: =VLOOKUP(C10,Mpio!$A$1:$D$1124,1,FALSE) -> 13894
A11: DANE | B11: 1985 | C11: 76892 | D11: Yumbo | E11: 76 | F11: Valle del Cauca | G11: 55190 | H11: 48354 | I11: 6836 | J11: =VLOOKUP(C11,Mpio!$A$1:$D$1124,1,FALSE) -> 76892
A12: DANE | B12: 1985 | C12: 76890 | D12: Yotoco | E12: 76 | F12: Valle del Cauca | G12: 13479 | H12: 5933 | I12: 7546 | J12: =VLOOKUP(C12,Mpio!$A$1:$D$1124,1,FALSE) -> 76890
A13: DANE | B13: 1985 | C13: 85001 | D13: Yopal | E13: 85 | F13: Casanare | G13: 42671 | H13: 31460 | I13: 11211 | J13: =VLOOKUP(C13,Mpio!$A$1:$D$1124,1,FALSE) -> 85001
... A1122: DANE | B1122: 1985 | C1122: 05002 | D1122: Abejorral | E1122: 05 | F1122: Antioquia | G1122: 26049 | H1122: 7161 | I1122: 18888 | J1122: =VLOOKUP(C1122,Mpio!$A$1:$D$1124,1,FALSE) -> 05002
