Workbook

Sheet PoblacionSISBEN
B2: Análisis de distribución geográfica poblacional a partir de datos censales SISBEN
B3: Fecha | C3: PTotal | D3: PTUrbano | E3: PTRural | F3: PTCPR | G3: PorcUrb | H3: PorcRural | I3: PorcTotal
B4: 2000 | C4: 41271 | D4: 34475 | E4: 6480 | F4: 316 | G4: =D4/C4 -> 0.83533232 | H4: =(E4+F4)/C4 -> 0.16466768 | I4: =H4+G4 -> 1
B5: 2018 | C5: 96476 | D5: 74495 | E5: 7081 | F5: 14900 | G5: =D5/C5 -> 0.77216095 | H5: =(E5+F5)/C5 -> 0.22783905 | I5: =H5+G5 -> 1
B7: Análisis de porcentaje de distribución por tendencia lineal
B8: Constante | C8: Urbano | D8: Rural | F8: Ejemplo | G8: Urbano | H8: Rural | I8: Σ
B9: c1 | C9: {=INDEX(LINEST(G4:G5,B4:B5^{1},TRUE,TRUE),1,1)} -> -0.0035095202 | D9: {=INDEX(LINEST(H4:H5,B4:B5^{1},TRUE,TRUE),1,1)} -> 0.0035095202 | F9: 2024 | G9: =$C$9*F9+$C$10 -> 0.75110383 | H9: =$D$9*F9+$D$10 -> 0.24889617 | I9: =H9+G9 -> 1
B10: c2 | C10: {=INDEX(LINEST(G4:G5,B4:B5^{1},TRUE,TRUE),1,2)} -> 7.8543727 | D10: {=INDEX(LINEST(H4:H5,B4:B5^{1},TRUE,TRUE),1,2)} -> -6.8543727 | F10: 2069 | G10: =$C$9*F10+$C$10 -> 0.59317542 | H10: =$D$9*F10+$D$10 -> 0.40682458 | I10: =H10+G10 -> 1
B12: Análisis de tendencia observada
B13: Zona | C13: Tendencia de distribución
B14: Urbana | C14: Disminuye, lo que indica que a pesar de que la población urbana ha aumentado, su crecimiento no ha sido tan alto como el de los centros poblados en zonas rurales.
B17: Rural | C17: Aumenta, lo cual es indicativo de que los centros poblados rurales se están redensificando o que se estan implantando proyectos de vivienda campestre.

Sheet TipoSueloEPE
B2: Análisis de densidad, espacio público efectivo y demanda de servicios públicos
B4: Parámetros generales
B5: Area municipal total a distribuir (ha) | D5: 19482.02 | E5: AM
B6: Espacio público efectivo por habitante (m²) | D6: 15 | E6: EPE
B8: Análisis de distribución del tipo de suelo
B9: Fuente geográfica | C9: Fecha | D9: Urbano (ha) | E9: Rural (ha) | F9: Total (ha)
B10: Diagnóstico POT usando IGAC | C10: 2010 | D10: 795.52 | E10: 18726.86 | F10: =E10+D10 -> 19522.38
B11: Formulación POT usando MOT | C11: 2013 | D11: 935.49 | E11: 18586.9 | F11: =E11+D11 -> 19522.39
B12: DANE 2020 | C12: 2020 | D12: 1024.53 | E12: 18457.49 | F12: =E12+D12 -> 19482.02
B14: Proyección de áreas por tipo de suelo
B15: Análisis de porcentaje de distribución por tendencia lineal
B16: Constante | C16: Urbano | D16: Rural
B17: c1 | C17: {=INDEX(LINEST(D10:D12,C10:C12^{1},TRUE,TRUE),1,1)} -> 21.096772 | D17: {=INDEX(LINEST(E10:E12,C10:C12^{1},TRUE,TRUE),1,1)} -> -25.439557
B18: c2 | C18: {=INDEX(LINEST(D10:D12,C10:C12^{1},TRUE,TRUE),1,2)} -> -41577.418 | D18: {=INDEX(LINEST(E10:E12,C10:C12^{1},TRUE,TRUE),1,2)} -> 69834.164
B20: Ejemplo con tendencia lineal
B21: Fecha | C21: Urbano | D21: Rural | E21: Σ
B22: 2020 | C22: =$C$17*B22+$C$18 -> 1038.0617 | D22: =D5-C22 -> 18443.958 | E22: =C22+D22 -> 19482.02

Sheet AguaPotSanBas
B2: Análisis de demanda de agua potable y caudal servido (*Resolución 1096 del 17 de Noviembre de 2000 - RAS)
B4: Parámetros generales
B5: Población total actual | D5: 128968 | E5: habitantes
B6: Capacidad económica de los usuarios | D6: Baja
B7: Cota media casco urbano | D7: 2600 | E7: m.s.n.m
B8: Clima | D8: =IF(D7<=1000,D30,C30) -> Clima templado o frío
B9: Nivel de complejidad por población | D9: =IF(D5<=D17,C17,IF(D5<=D18,C18,IF(D5<=D19,C19,C20))) -> Alto | E9: =INDEX($B$17:$B$20,MATCH(D9,$C$17:$C$20,0)) -> 4
B10: Nivel de complejidad por capacidad económica | D10: =IF(AND(D6=E17,D5<=D17),C17,IF(AND(D6=E18,D5<=D18),C18,IF(D6=E19,C19,IF(D6=E20,C20,C17)))) -> Bajo | E10: =INDEX($B$17:$B$20,MATCH(D10,$C$17:$C$20,0)) -> 1
B11: Mayor nivel a aplicar | D11: =VLOOKUP(E11,B17:C20,2) -> Alto | E11: =MAX(E9:E10) -> 4
B12: Dotación neta aplicable | D12: =VLOOKUP(D11,B31:E34,4, FALSE) -> 140 | E12: L/hab/día
B13: Coeficiente de retorno a alcantarillado | D13: =VLOOKUP(D11,B31:F34,5, FALSE) -> 0.85 | E13: Adim.
B15: Asignación del nivel de complejidad - Título A RAS
B16: Nivel de complejidad | D16: Población en la zona urbana (habitantes <=) | E16: Capacidad económica de los usuarios
B17: 1 | C17: Bajo | D17: 2500 | E17: Baja
B18: 2 | C18: Medio | D18: 12500 | E18: Baja
B19: 3 | C19: Medio Alto | D19: 60000 | E19: Media
B20: 4 | C20: Alto | D20: 99999999 | E20: Alta
B21: Notas: Población proyectada al periodo de diseño, incluida la población flotante. Incluye la capacidad económica de población flotante. Debe ser evaluada según metodología del DNP. El nivel de complejidad del sistema adoptado debe ser el que resulte mayor entre la clasificación obtenida por la población urbana y la capacidad económica. La clasificación anterior solamente puede ser superada si se demuestra que el grado de exigencia técnica es alto y cumple con el requisito 3 del literal A.3.3.
B28: Dotación neta por habitante y clima - Título B RAS (L/hab/día) y coeficientes de retorno aguas residuales domésticas QD - Título D RAS
B30: Nivel de complejidad del sistema | C30: Clima templado o frío | D30: Clima cálido | E30: Dotación aplicable a proyecto | F30: Coeficiente de retorno
B31: Bajo | C31: 90 | D31: 100 | E31: =IF($D$8=$C$30,C31,D31) -> 90 | F31: 0.8
B32: Medio | C32: 115 | D32: 125 | E32: =IF($D$8=$C$30,C32,D32) -> 115 | F32: 0.8
B33: Medio Alto | C33: 125 | D33: 135 | E33: =IF($D$8=$C$30,C33,D33) -> 125 | F33: 0.85
B34: Alto | C34: 140 | D34: 150 | E34: =IF($D$8=$C$30,C34,D34) -> 140 | F34: 0.85
B35: Notas: Se considera como clima cálido aquella zona del territorio nacional que se encuentre por debajo de 1000 m.s.n.m. Para niveles de complejidad Medio Alto y Alto, el coeficiente de retorno uede ser definido por la persona prestadora del servicio público de alcantarillado
B39: *Tenga en cuenta que la Resolución 0330 de 2017, por medio del cual se actualizó el reglamento de agua potable y saneamiento básico - RAS, ajustó los rangos de elevación de la zona estudio a partir de los cuales se definen los valores correspondientes a las dotaciones netas y coeficientes de retorno. Posteriormente y mediante la Resolución 799 de 2021, se realizaron ajustes complementarios a estas normas.

Sheet PoblacionAreaDensEPEQ
A1: Fuente | B1: Fecha | C1: PTotal | D1: PorcUrb | E1: PUrbana | F1: PRural | G1: AreaUrbPL | H1: AreaRurPL | I1: DensTotal | J1: DensUrb | K1: DensRur | L1: EPEUrbHa | M1: QAcuTotal | N1: QAcuUrb | O1: QAcuRur | P1: QAlcTotal | Q1: QAlcUrb | R1: QAlcRur
A2: DANE | B2: 1905 | C2: 7108 | D2: =IF((PoblacionSISBEN!$C$9*PoblacionAreaDensEPEQ!B2+PoblacionSISBEN!$C$10)>1,1,PoblacionSISBEN!$C$9*PoblacionAreaDensEPEQ!B2+PoblacionSISBEN!$C$10) -> 1 | E2: =ROUND(C2*D2,0) -> 7108 | F2: =C2-E2 -> 0 | G2: =TipoSueloEPE!$D$5-PoblacionAreaDensEPEQ!H2 -> 1 | H2: =IF(TipoSueloEPE!$D$17*PoblacionAreaDensEPEQ!B2+TipoSueloEPE!$D$18>TipoSueloEPE!$D$5,TipoSueloEPE!$D$5-1,TipoSueloEPE!$D$17*PoblacionAreaDensEPEQ!B2+TipoSueloEPE!$D$18) -> 19481.02 | I2: =C2/ TipoSueloEPE!$D$5 -> 0.36484923 | J2: =E2/G2 -> 7108 | K2: =F2/H2 -> 0 | L2: =E2*TipoSueloEPE!$D$6/10000 -> 10.662 | M2: =C2*AguaPotSanBas!$D$12/86400 -> 11.517593 | N2: =E2*AguaPotSanBas!$D$12/86400 -> 11.517593 | O2: =F2*AguaPotSanBas!$D$12/86400 -> 0 | P2: =M2*AguaPotSanBas!$D$13 -> 9.7899537 | Q2: =N2*AguaPotSanBas!$D$13 -> 9.7899537 | R2: =O2*AguaPotSanBas!$D$13 -> 0
A3: DANE | B3: 1928 | C3: 11480 | D3: =IF((PoblacionSISBEN!$C$9*PoblacionAreaDensEPEQ!B3+PoblacionSISBEN!$C$10)>1,1,PoblacionSISBEN!$C$9*PoblacionAreaDensEPEQ!B3+PoblacionSISBEN!$C$10) -> 1 | E3: =ROUND(C3*D3,0) -> 11480 | F3: =C3-E3 -> 0 | G3: =TipoSueloEPE!$D$5-PoblacionAreaDensEPEQ!H3 -> 1 | H3: =IF(TipoSueloEPE!$D$17*PoblacionAreaDensEPEQ!B3+TipoSueloEPE!$D$18>TipoSueloEPE!$D$5,TipoSueloEPE!$D$5-1,TipoSueloEPE!$D$17*PoblacionAreaDensEPEQ!B3+TipoSueloEPE!$D$18) -> 19481.02 | I3: =C3/ TipoSueloEPE!$D$5 -> 0.58926128 | J3: =E3/G3 -> 11480 | K3: =F3/H3 -> 0 | L3: =E3*TipoSueloEPE!$D$6/10000 -> 17.22 | M3: =C3*AguaPotSanBas!$D$12/86400 -> 18.601852 | N3: =E3*AguaPotSanBas!$D$12/86400 -> 18.601852 | O3: =F3*AguaPotSanBas!$D$12/86400 -> 0 | P3: =M3*AguaPotSanBas!$D$13 -> 15.811574 | Q3: =N3*AguaPotSanBas!$D$13 -> 15.811574 | R3: =O3*AguaPotSanBas!$D$13 -> 0
A4: DANE | B4: 1938 | C4: 12273 | D4: =IF((PoblacionSISBEN!$C$9*PoblacionAreaDensEPEQ!B4+PoblacionSISBEN!$C$10)>1,1,PoblacionSISBEN!$C$9*PoblacionAreaDensEPEQ!B4+PoblacionSISBEN!$C$10) -> 1 | E4: =ROUND(C4*D4,0) -> 12273 | F4: =C4-E4 -> 0 | G4: =TipoSueloEPE!$D$5-PoblacionAreaDensEPEQ!H4 -> 1 | H4: =IF(TipoSueloEPE!$D$17*PoblacionAreaDensEPEQ!B4+TipoSueloEPE!$D$18>TipoSueloEPE!$D$5,TipoSueloEPE!$D$5-1,TipoSueloEPE!$D$17*PoblacionAreaDensEPEQ!B4+TipoSueloEPE!$D$18) -> 19481.02 | I4: =C4/ TipoSueloEPE!$D$5 -> 0.62996548 | J4: =E4/G4 -> 12273 | K4: =F4/H4 -> 0 | L4: =E4*TipoSueloEPE!$D$6/10000 -> 18.4095 | M4: =C4*AguaPotSanBas!$D$12/86400 -> 19.886806 | N4: =E4*AguaPotSanBas!$D$12/86400 -> 19.886806 | O4: =F4*AguaPotSanBas!$D$12/86400 -> 0 | P4: =M4*AguaPotSanBas!$D$13 -> 16.903785 | Q4: =N4*AguaPotSanBas!$D$13 -> 16.903785 | R4: =O4*AguaPotSanBas!$D$13 -> 0
A5: DANE | B5: 1951 | C5: 20628 | D5: =IF((PoblacionSISBEN!$C$9*PoblacionAreaDensEPEQ!B5+PoblacionSISBEN!$C$10)>1,1,PoblacionSISBEN!$C$9*PoblacionAreaDensEPEQ!B5+PoblacionSISBEN!$C$10) -> 1 | E5: =ROUND(C5*D5,0) -> 20628 | F5: =C5-E5 -> 0 | G5: =TipoSueloEPE!$D$5-PoblacionAreaDensEPEQ!H5 -> 1 | H5: =IF(TipoSueloEPE!$D$17*PoblacionAreaDensEPEQ!B5+TipoSueloEPE!$D$18>TipoSueloEPE!$D$5,TipoSueloEPE!$D$5-1,TipoSueloEPE!$D$17*PoblacionAreaDensEPEQ!B5+TipoSueloEPE!$D$18) -> 19481.02 | I5: =C5/ TipoSueloEPE!$D$5 -> 1.0588224 | J5: =E5/G5 -> 20628 | K5: =F5/H5 -> 0 | L5: =E5*TipoSueloEPE!$D$6/10000 -> 30.942 | M5: =C5*AguaPotSanBas!$D$12/86400 -> 33.425 | N5: =E5*AguaPotSanBas!$D$12/86400 -> 33.425 | O5: =F5*AguaPotSanBas!$D$12/86400 -> 0 | P5: =M5*AguaPotSanBas!$D$13 -> 28.41125 | Q5: =N5*AguaPotSanBas!$D$13 -> 28.41125 | R5: =O5*AguaPotSanBas!$D$13 -> 0
A6: DANE | B6: 1964 | C6: 27775 | D6: =IF((PoblacionSISBEN!$C$9*PoblacionAreaDensEPEQ!B6+PoblacionSISBEN!$C$10)>1,1,PoblacionSISBEN!$C$9*PoblacionAreaDensEPEQ!B6+PoblacionSISBEN!$C$10) -> 0.96167504 | E6: =ROUND(C6*D6,0) -> 26711 | F6: =C6-E6 -> 1064 | G6: =TipoSueloEPE!$D$5-PoblacionAreaDensEPEQ!H6 -> 1 | H6: =IF(TipoSueloEPE!$D$17*PoblacionAreaDensEPEQ!B6+TipoSueloEPE!$D$18>TipoSueloEPE!$D$5,TipoSueloEPE!$D$5-1,TipoSueloEPE!$D$17*PoblacionAreaDensEPEQ!B6+TipoSueloEPE!$D$18) -> 19481.02 | I6: =C6/ TipoSueloEPE!$D$5 -> 1.4256735 | J6: =E6/G6 -> 26711 | K6: =F6/H6 -> 0.054617263 | L6: =E6*TipoSueloEPE!$D$6/10000 -> 40.0665 | M6: =C6*AguaPotSanBas!$D$12/86400 -> 45.005787 | N6: =E6*AguaPotSanBas!$D$12/86400 -> 43.281713 | O6: =F6*AguaPotSanBas!$D$12/86400 -> 1.7240741 | P6: =M6*AguaPotSanBas!$D$13 -> 38.254919 | Q6: =N6*AguaPotSanBas!$D$13 -> 36.789456 | R6: =O6*AguaPotSanBas!$D$13 -> 1.465463
A7: DANE | B7: 1973 | C7: 39836 | D7: =IF((PoblacionSISBEN!$C$9*PoblacionAreaDensEPEQ!B7+PoblacionSISBEN!$C$10)>1,1,PoblacionSISBEN!$C$9*PoblacionAreaDensEPEQ!B7+PoblacionSISBEN!$C$10) -> 0.93008936 | E7: =ROUND(C7*D7,0) -> 37051 | F7: =C7-E7 -> 2785 | G7: =TipoSueloEPE!$D$5-PoblacionAreaDensEPEQ!H7 -> 1 | H7: =IF(TipoSueloEPE!$D$17*PoblacionAreaDensEPEQ!B7+TipoSueloEPE!$D$18>TipoSueloEPE!$D$5,TipoSueloEPE!$D$5-1,TipoSueloEPE!$D$17*PoblacionAreaDensEPEQ!B7+TipoSueloEPE!$D$18) -> 19481.02 | I7: =C7/ TipoSueloEPE!$D$5 -> 2.0447572 | J7: =E7/G7 -> 37051 | K7: =F7/H7 -> 0.14295966 | L7: =E7*TipoSueloEPE!$D$6/10000 -> 55.5765 | M7: =C7*AguaPotSanBas!$D$12/86400 -> 64.549074 | N7: =E7*AguaPotSanBas!$D$12/86400 -> 60.036343 | O7: =F7*AguaPotSanBas!$D$12/86400 -> 4.5127315 | P7: =M7*AguaPotSanBas!$D$13 -> 54.866713 | Q7: =N7*AguaPotSanBas!$D$13 -> 51.030891 | R7: =O7*AguaPotSanBas!$D$13 -> 3.8358218
A8: DANE | B8: 1985 | C8: 60202 | D8: =IF((PoblacionSISBEN!$C$9*PoblacionAreaDensEPEQ!B8+PoblacionSISBEN!$C$10)>1,1,PoblacionSISBEN!$C$9*PoblacionAreaDensEPEQ!B8+PoblacionSISBEN!$C$10) -> 0.88797512 | E8: =ROUND(C8*D8,0) -> 53458 | F8: =C8-E8 -> 6744 | G8: =TipoSueloEPE!$D$5-PoblacionAreaDensEPEQ!H8 -> 145.37633 | H8: =IF(TipoSueloEPE!$D$17*PoblacionAreaDensEPEQ!B8+TipoSueloEPE!$D$18>TipoSueloEPE!$D$5,TipoSueloEPE!$D$5-1,TipoSueloEPE!$D$17*PoblacionAreaDensEPEQ!B8+TipoSueloEPE!$D$18) -> 19336.644 | I8: =C8/ TipoSueloEPE!$D$5 -> 3.0901313 | J8: =E8/G8 -> 367.72149 | K8: =F8/H8 -> 0.34876787 | L8: =E8*TipoSueloEPE!$D$6/10000 -> 80.187 | M8: =C8*AguaPotSanBas!$D$12/86400 -> 97.549537 | N8: =E8*AguaPotSanBas!$D$12/86400 -> 86.621759 | O8: =F8*AguaPotSanBas!$D$12/86400 -> 10.927778 | P8: =M8*AguaPotSanBas!$D$13 -> 82.917106 | Q8: =N8*AguaPotSanBas!$D$13 -> 73.628495 | R8: =O8*AguaPotSanBas!$D$13 -> 9.2886111
A9: DANE | B9: 1993 | C9: 69695 | D9: =IF((PoblacionSISBEN!$C$9*PoblacionAreaDensEPEQ!B9+PoblacionSISBEN!$C$10)>1,1,PoblacionSISBEN!$C$9*PoblacionAreaDensEPEQ!B9+PoblacionSISBEN!$C$10) -> 0.85989896 | E9: =ROUND(C9*D9,0) -> 59931 | F9: =C9-E9 -> 9764 | G9: =TipoSueloEPE!$D$5-PoblacionAreaDensEPEQ!H9 -> 348.89278 | H9: =IF(TipoSueloEPE!$D$17*PoblacionAreaDensEPEQ!B9+TipoSueloEPE!$D$18>TipoSueloEPE!$D$5,TipoSueloEPE!$D$5-1,TipoSueloEPE!$D$17*PoblacionAreaDensEPEQ!B9+TipoSueloEPE!$D$18) -> 19133.127 | I9: =C9/ TipoSueloEPE!$D$5 -> 3.5774011 | J9: =E9/G9 -> 171.77483 | K9: =F9/H9 -> 0.51031909 | L9: =E9*TipoSueloEPE!$D$6/10000 -> 89.8965 | M9: =C9*AguaPotSanBas!$D$12/86400 -> 112.93171 | N9: =E9*AguaPotSanBas!$D$12/86400 -> 97.110417 | O9: =F9*AguaPotSanBas!$D$12/86400 -> 15.821296 | P9: =M9*AguaPotSanBas!$D$13 -> 95.991956 | Q9: =N9*AguaPotSanBas!$D$13 -> 82.543854 | R9: =O9*AguaPotSanBas!$D$13 -> 13.448102
A10: DANE | B10: 1995 | C10: 78923 | D10: =IF((PoblacionSISBEN!$C$9*PoblacionAreaDensEPEQ!B10+PoblacionSISBEN!$C$10)>1,1,PoblacionSISBEN!$C$9*PoblacionAreaDensEPEQ!B10+PoblacionSISBEN!$C$10) -> 0.85287992 | E10: =ROUND(C10*D10,0) -> 67312 | F10: =C10-E10 -> 11611 | G10: =TipoSueloEPE!$D$5-PoblacionAreaDensEPEQ!H10 -> 399.7719 | H10: =IF(TipoSueloEPE!$D$17*PoblacionAreaDensEPEQ!B10+TipoSueloEPE!$D$18>TipoSueloEPE!$D$5,TipoSueloEPE!$D$5-1,TipoSueloEPE!$D$17*PoblacionAreaDensEPEQ!B10+TipoSueloEPE!$D$18) -> 19082.248 | I10: =C10/ TipoSueloEPE!$D$5 -> 4.0510686 | J10: =E10/G10 -> 168.37602 | K10: =F10/H10 -> 0.60847128 | L10: =E10*TipoSueloEPE!$D$6/10000 -> 100.968 | M10: =C10*AguaPotSanBas!$D$12/86400 -> 127.88449 | N10: =E10*AguaPotSanBas!$D$12/86400 -> 109.07037 | O10: =F10*AguaPotSanBas!$D$12/86400 -> 18.81412 | P10: =M10*AguaPotSanBas!$D$13 -> 108.70182 | Q10: =N10*AguaPotSanBas!$D$13 -> 92.709815 | R10: =O10*AguaPotSanBas!$D$13 -> 15.992002
A11: DANE | B11: 2005 | C11: 100038 | D11: =IF((PoblacionSISBEN!$C$9*PoblacionAreaDensEPEQ!B11+PoblacionSISBEN!$C$10)>1,1,PoblacionSISBEN!$C$9*PoblacionAreaDensEPEQ!B11+PoblacionSISBEN!$C$10) -> 0.81778471 | E11: =ROUND(C11*D11,0) -> 81810 | F11: =C11-E11 -> 18228 | G11: =TipoSueloEPE!$D$5-PoblacionAreaDensEPEQ!H11 -> 654.16747 | H11: =IF(TipoSueloEPE!$D$17*PoblacionAreaDensEPEQ!B11+TipoSueloEPE!$D$18>TipoSueloEPE!$D$5,TipoSueloEPE!$D$5-1,TipoSueloEPE!$D$17*PoblacionAreaDensEPEQ!B11+TipoSueloEPE!$D$18) -> 18827.853 | I11: =C11/ TipoSueloEPE!$D$5 -> 5.1348885 | J11: =E11/G11 -> 125.05972 | K11: =F11/H11 -> 0.96814015 | L11: =E11*TipoSueloEPE!$D$6/10000 -> 122.715 | M11: =C11*AguaPotSanBas!$D$12/86400 -> 162.09861 | N11: =E11*AguaPotSanBas!$D$12/86400 -> 132.5625 | O11: =F11*AguaPotSanBas!$D$12/86400 -> 29.536111 | P11: =M11*AguaPotSanBas!$D$13 -> 137.78382 | Q11: =N11*AguaPotSanBas!$D$13 -> 112.67812 | R11: =O11*AguaPotSanBas!$D$13 -> 25.105694
A12: DANE | B12: 2018 | C12: 128968 | D12: =IF((PoblacionSISBEN!$C$9*PoblacionAreaDensEPEQ!B12+PoblacionSISBEN!$C$10)>1,1,PoblacionSISBEN!$C$9*PoblacionAreaDensEPEQ!B12+PoblacionSISBEN!$C$10) -> 0.77216095 | E12: =ROUND(C12*D12,0) -> 99584 | F12: =C12-E12 -> 29384 | G12: =TipoSueloEPE!$D$5-PoblacionAreaDensEPEQ!H12 -> 984.88171 | H12: =IF(TipoSueloEPE!$D$17*PoblacionAreaDensEPEQ!B12+TipoSueloEPE!$D$18>TipoSueloEPE!$D$5,TipoSueloEPE!$D$5-1,TipoSueloEPE!$D$17*PoblacionAreaDensEPEQ!B12+TipoSueloEPE!$D$18) -> 18497.138 | I12: =C12/ TipoSueloEPE!$D$5 -> 6.6198474 | J12: =E12/G12 -> 101.11265 | K12: =F12/H12 -> 1.5885701 | L12: =E12*TipoSueloEPE!$D$6/10000 -> 149.376 | M12: =C12*AguaPotSanBas!$D$12/86400 -> 208.97593 | N12: =E12*AguaPotSanBas!$D$12/86400 -> 161.36296 | O12: =F12*AguaPotSanBas!$D$12/86400 -> 47.612963 | P12: =M12*AguaPotSanBas!$D$13 -> 177.62954 | Q12: =N12*AguaPotSanBas!$D$13 -> 137.15852 | R12: =O12*AguaPotSanBas!$D$13 -> 40.471019
A13: Proyectada | B13: 2019 | C13: 127918 | D13: =IF((PoblacionSISBEN!$C$9*PoblacionAreaDensEPEQ!B13+PoblacionSISBEN!$C$10)>1,1,PoblacionSISBEN!$C$9*PoblacionAreaDensEPEQ!B13+PoblacionSISBEN!$C$10) -> 0.76865143 | E13: =ROUND(C13*D13,0) -> 98324 | F13: =C13-E13 -> 29594 | G13: =TipoSueloEPE!$D$5-PoblacionAreaDensEPEQ!H13 -> 1010.3213 | H13: =IF(TipoSueloEPE!$D$17*PoblacionAreaDensEPEQ!B13+TipoSueloEPE!$D$18>TipoSueloEPE!$D$5,TipoSueloEPE!$D$5-1,TipoSueloEPE!$D$17*PoblacionAreaDensEPEQ!B13+TipoSueloEPE!$D$18) -> 18471.699 | I13: =C13/ TipoSueloEPE!$D$5 -> 6.5659516 | J13: =E13/G13 -> 97.319539 | K13: =F13/H13 -> 1.6021266 | L13: =E13*TipoSueloEPE!$D$6/10000 -> 147.486 | M13: =C13*AguaPotSanBas!$D$12/86400 -> 207.27454 | N13: =E13*AguaPotSanBas!$D$12/86400 -> 159.3213 | O13: =F13*AguaPotSanBas!$D$12/86400 -> 47.953241 | P13: =M13*AguaPotSanBas!$D$13 -> 176.18336 | Q13: =N13*AguaPotSanBas!$D$13 -> 135.4231 | R13: =O13*AguaPotSanBas!$D$13 -> 40.760255
... A23: Proyectada | B23: 2069 | C23: 279540 | D23: =IF((PoblacionSISBEN!$C$9*PoblacionAreaDensEPEQ!B23+PoblacionSISBEN!$C$10)>1,1,PoblacionSISBEN!$C$9*PoblacionAreaDensEPEQ!B23+PoblacionSISBEN!$C$10) -> 0.59317542 | E23: =ROUND(C23*D23,0) -> 165816 | F23: =C23-E23 -> 113724 | G23: =TipoSueloEPE!$D$5-PoblacionAreaDensEPEQ!H23 -> 2282.2991 | H23: =IF(TipoSueloEPE!$D$17*PoblacionAreaDensEPEQ!B23+TipoSueloEPE!$D$18>TipoSueloEPE!$D$5,TipoSueloEPE!$D$5-1,TipoSueloEPE!$D$17*PoblacionAreaDensEPEQ!B23+TipoSueloEPE!$D$18) -> 17199.721 | I23: =C23/ TipoSueloEPE!$D$5 -> 14.348615 | J23: =E23/G23 -> 72.653054 | K23: =F23/H23 -> 6.6119678 | L23: =E23*TipoSueloEPE!$D$6/10000 -> 248.724 | M23: =C23*AguaPotSanBas!$D$12/86400 -> 452.95833 | N23: =E23*AguaPotSanBas!$D$12/86400 -> 268.68333 | O23: =F23*AguaPotSanBas!$D$12/86400 -> 184.275 | P23: =M23*AguaPotSanBas!$D$13 -> 385.01458 | Q23: =N23*AguaPotSanBas!$D$13 -> 228.38083 | R23: =O23*AguaPotSanBas!$D$13 -> 156.63375

Sheet PoblacionGIS
A1: Fuente | B1: Suelo | C1: Fecha | D1: Poblacion | E1: Densidad | F1: EPEUrbHa | G1: QAcu | H1: QAlc
A2: DANE | B2: Total | C2: 1905/12/31 | D2: 7108 | E2: 0.36484923 | G2: 11.517593 | H2: 9.7899537
A3: DANE | B3: Total | C3: 1928/12/31 | D3: 11480 | E3: 0.58926128 | G3: 18.601852 | H3: 15.811574
A4: DANE | B4: Total | C4: 1938/12/31 | D4: 12273 | E4: 0.62996548 | G4: 19.886806 | H4: 16.903785
A5: DANE | B5: Total | C5: 1951/12/31 | D5: 20628 | E5: 1.0588224 | G5: 33.425 | H5: 28.41125
A6: DANE | B6: Total | C6: 1964/12/31 | D6: 27775 | E6: 1.4256735 | G6: 45.005787 | H6: 38.254919
A7: DANE | B7: Total | C7: 1973/12/31 | D7: 39836 | E7: 2.0447572 | G7: 64.549074 | H7: 54.866713
A8: DANE | B8: Total | C8: 1985/12/31 | D8: 60202 | E8: 3.0901313 | G8: 97.549537 | H8: 82.917106
A9: DANE | B9: Total | C9: 1993/12/31 | D9: 69695 | E9: 3.5774011 | G9: 112.93171 | H9: 95.991956
A10: DANE | B10: Total | C10: 1995/12/31 | D10: 78923 | E10: 4.0510686 | G10: 127.88449 | H10: 108.70182
A11: DANE | B11: Total | C11: 2005/12/31 | D11: 100038 | E11: 5.1348885 | G11: 162.09861 | H11: 137.78382
A12: DANE | B12: Total | C12: 2018/12/31 | D12: 128968 | E12: 6.6198474 | G12: 208.97593 | H12: 177.62954
A13: Proyectada | B13: Total | C13: 2019/12/31 | D13: 127918 | E13: 6.5659516 | G13: 207.27454 | H13: 176.18336
... A23: Proyectada | B23: Total | C23: 2069/12/31 | D23: 279540 | E23: 14.348615 | G23: 452.95833 | H23: 385.01458
A24: DANE | B24: Urbano | C24: 1905/12/31 | D24: 7108 | E24: 367.72065 | F24: 10.662 | G24: 11.517593 | H24: 9.7899537
A25: DANE | B25: Urbano | C25: 1928/12/31 | D25: 11480 | E25: 367.72065 | F25: 17.22 | G25: 18.601852 | H25: 15.811574
A26: DANE | B26: Urbano | C26: 1938/12/31 | D26: 12273 | E26: 367.72065 | F26: 18.4095 | G26: 19.886806 | H26: 16.903785
A27: DANE | B27: Urbano | C27: 1951/12/31 | D27: 20628 | E27: 367.72065 | F27: 30.942 | G27: 33.425 | H27: 28.41125
A28: DANE | B28: Urbano | C28: 1964/12/31 | D28: 26711 | E28: 367.72065 | F28: 40.065786 | G28: 43.281713 | H28: 36.789456
A29: DANE | B29: Urbano | C29: 1973/12/31 | D29: 37051 | E29: 367.72065 | F29: 55.57656 | G29: 60.036343 | H29: 51.030891
A30: DANE | B30: Urbano | C30: 1985/12/31 | D30: 53458 | E30: 367.72065 | F30: 80.186817 | G30: 86.621759 | H30: 73.628495
A31: DANE | B31: Urbano | C31: 1993/12/31 | D31: 59931 | E31: 171.77385 | F31: 89.895987 | G31: 97.110417 | H31: 82.543854
A32: DANE | B32: Urbano | C32: 1995/12/31 | D32: 67312 | E32: 168.37562 | F32: 100.96776 | G32: 109.07037 | H32: 92.709815
A33: DANE | B33: Urbano | C33: 2005/12/31 | D33: 81810 | E33: 125.05903 | F33: 122.71432 | G33: 132.5625 | H33: 112.67812
A34: DANE | B34: Urbano | C34: 2018/12/31 | D34: 99584 | E34: 101.1127 | F34: 149.37608 | G34: 161.36296 | H34: 137.15852
A35: Proyectada | B35: Urbano | C35: 2019/12/31 | D35: 98324 | E35: 97.319889 | F35: 147.48653 | G35: 159.3213 | H35: 135.4231
... A45: Proyectada | B45: Urbano | C45: 2069/12/31 | D45: 165816 | E45: 72.653166 | F45: 248.72439 | G45: 268.68333 | H45: 228.38083
A46: DANE | B46: Rural | C46: 1905/12/31 | D46: 0 | E46: 0 | G46: 0 | H46: 0
A47: DANE | B47: Rural | C47: 1928/12/31 | D47: 0 | E47: 0 | G47: 0 | H47: 0
A48: DANE | B48: Rural | C48: 1938/12/31 | D48: 0 | E48: 0 | G48: 0 | H48: 0
A49: DANE | B49: Rural | C49: 1951/12/31 | D49: 0 | E49: 0 | G49: 0 | H49: 0
A50: DANE | B50: Rural | C50: 1964/12/31 | D50: 1064.4757 | E50: 0.054641681 | G50: 1.7240741 | H50: 1.465463
A51: DANE | B51: Rural | C51: 1973/12/31 | D51: 2784.9602 | E51: 0.14295762 | G51: 4.5127315 | H51: 3.8358218
A52: DANE | B52: Rural | C52: 1985/12/31 | D52: 6744.1219 | E52: 0.34877417 | G52: 10.927778 | H52: 9.2886111
A53: DANE | B53: Rural | C53: 1993/12/31 | D53: 9764.3422 | E53: 0.51033697 | G53: 15.821296 | H53: 13.448102
A54: DANE | B54: Rural | C54: 1995/12/31 | D54: 11611.158 | E54: 0.60847958 | G54: 18.81412 | H54: 15.992002
A55: DANE | B55: Rural | C55: 2005/12/31 | D55: 18228.453 | E55: 0.9681642 | G55: 29.536111 | H55: 25.105694
A56: DANE | B56: Rural | C56: 2018/12/31 | D56: 29383.946 | E56: 1.5885672 | G56: 47.612963 | H56: 40.471019
A57: Proyectada | B57: Rural | C57: 2019/12/31 | D57: 29593.646 | E57: 1.6021074 | G57: 47.953241 | H57: 40.760255
... A67: Proyectada | B67: Rural | C67: 2069/12/31 | D67: 113723.74 | E67: 6.6119528 | G67: 184.275 | H67: 156.63375
